{"cameraMode":{"drawMode":0,"name":"Shaded","section":"Shading Mode"},"sceneLighting":true,"audioPlay":false,"sceneViewState":{"m_AlwaysRefresh":false,"showFog":true,"showSkybox":true,"showFlares":true,"showImageEffects":true,"showParticleSystems":true,"showVisualEffectGraphs":true,"m_FxEnabled":true},"in2DMode":false,"pivot":{"x":0.2993605434894562,"y":0.06317417323589325,"z":1.3615795373916627},"rotation":{"x":-0.013883375562727452,"y":0.9848656058311462,"z":-0.14462928473949433,"w":-0.09454000741243363},"size":2.0221102237701418,"orthographic":false}