{"cameraMode":{"drawMode":0,"name":"Shaded","section":"Shading Mode"},"sceneLighting":true,"audioPlay":false,"sceneViewState":{"m_AlwaysRefresh":false,"showFog":true,"showSkybox":true,"showFlares":true,"showImageEffects":true,"showParticleSystems":true,"showVisualEffectGraphs":true,"m_FxEnabled":true},"in2DMode":false,"pivot":{"x":-3.8701207637786867,"y":0.5862072110176086,"z":2.7053608894348146},"rotation":{"x":-0.019562246277928354,"y":0.7634022235870361,"z":-0.02314566634595394,"w":-0.6452249884605408},"size":2.322110176086426,"orthographic":false}